page,product_id,name,tier_1,tier_2,tier_3,tier_4,tier_5
BoningBraCupsShoulderPads.html,boningbracupsshoulderpads_black,Black,,,,,
BoningBraCupsShoulderPads.html,boningbracupsshoulderpads_boning,Boning,,,,,
BoningBraCupsShoulderPads.html,boningbracupsshoulderpads_bra_cups,Bra Cups,,,,,
BoningBraCupsShoulderPads.html,boningbracupsshoulderpads_large,Large,,,,,
BoningBraCupsShoulderPads.html,boningbracupsshoulderpads_medium,Medium,,,,,
BoningBraCupsShoulderPads.html,boningbracupsshoulderpads_r,R ####,,,,,
BoningBraCupsShoulderPads.html,boningbracupsshoulderpads_shoulder_pads_and_rolls,Shoulder Pads & Rolls,,,,,
BoningBraCupsShoulderPads.html,boningbracupsshoulderpads_skin_tone,Skin Tone,,,,,
BoningBraCupsShoulderPads.html,boningbracupsshoulderpads_small,Small,,,,,
BoningBraCupsShoulderPads.html,boningbracupsshoulderpads_type_a,Type A,,,,,
BoningBraCupsShoulderPads.html,boningbracupsshoulderpads_type_b,Type B,,,,,
BoningBraCupsShoulderPads.html,boningbracupsshoulderpads_type_c,Type C,,,,,
BoningBraCupsShoulderPads.html,boningbracupsshoulderpads_type_d,Type D,,,,,
BoningBraCupsShoulderPads.html,boningbracupsshoulderpads_white,White,,,,,
BoningBraCupsShoulderPads.html,boningbracupsshoulderpads_xl,XL,,,,,
BoningBraCupsShoulderPads.html,boningbracupsshoulderpads_xxl,XXL,,,,,
BoningBraCupsShoulderPads.html,boningbracupsshoulderpads_xxxl,XXXL,,,,,
adhesives.html,adhesives_100ml,100ml,,,,,
adhesives.html,adhesives_50ml,50ml,,,,,
adhesives.html,adhesives_craft_glue,Craft Glue,,,,,
adhesives.html,adhesives_fabric_glue,Fabric Glue,,,,,
adhesives.html,adhesives_r_item_price_item_qty_tofixed_2,R ${(item.price * item.qty).toFixed(2)},,,,,
art&Paint.html,art_and_paint_acrylic_paint_12_pack,Acrylic Paint 12 Pack,,,,,
art&Paint.html,art_and_paint_acrylic_paint_35ml_18pc,Acrylic Paint 35ml 18pc,,,,,
art&Paint.html,art_and_paint_acrylic_paint_35ml_30pc,Acrylic Paint 35ml 30pc,,,,,
art&Paint.html,art_and_paint_acrylic_paint_35ml_42pc,Acrylic Paint 35ml 42pc,,,,,
art&Paint.html,art_and_paint_canvas_boards,Canvas Boards,,,,,
art&Paint.html,art_and_paint_ethnic_tape,Ethnic Tape,,,,,
art&Paint.html,art_and_paint_fabric_paint,Fabric Paint,,,,,
art&Paint.html,art_and_paint_oil_paint_12_pack,Oil Paint 12 Pack,,,,,
art&Paint.html,art_and_paint_paint_brushes,Paint Brushes,,,,,
art&Paint.html,art_and_paint_paint_trays,Paint Trays,,,,,
art&Paint.html,art_and_paint_r,R ####,,,,,
art&Paint.html,art_and_paint_water_paint_12_pack,Water Paint 12 Pack,,,,,
beadsAndKits.html,beadsandkits_bead_kits,Bead Kits,,,,,
beadsAndKits.html,beadsandkits_bead_setting_machine,Bead Setting Machine,,,,,
beadsAndKits.html,beadsandkits_bead_setting_machines,Bead Setting Machines,,,,,
beadsAndKits.html,beadsandkits_beads,Beads,,,,,
beadsAndKits.html,beadsandkits_beads_10mm,Beads - 10mm,,,,,
beadsAndKits.html,beadsandkits_beads_12mm,Beads - 12mm,,,,,
beadsAndKits.html,beadsandkits_beads_4mm,Beads - 4mm,,,,,
beadsAndKits.html,beadsandkits_beads_6mm,Beads - 6mm,,,,,
beadsAndKits.html,beadsandkits_beads_8mm,Beads - 8mm,,,,,
beadsAndKits.html,beadsandkits_fancy_beads_pins_option_1,Fancy Beads + Pins - Option 1,,,,,
beadsAndKits.html,beadsandkits_fancy_beads_pins_option_2,Fancy Beads + Pins - Option 2,,,,,
beadsAndKits.html,beadsandkits_fancy_beads_pins_option_3,Fancy Beads + Pins - Option 3,,,,,
beadsAndKits.html,beadsandkits_glass_bead_box,Glass Bead Box,,,,,
beadsAndKits.html,beadsandkits_glass_beads,Glass Beads,,,,,
beadsAndKits.html,beadsandkits_mix_bead_kits,Mix Bead Kits,,,,,
beadsAndKits.html,beadsandkits_pearl_beads_pins,Pearl Beads + Pins,,,,,
beadsAndKits.html,beadsandkits_r,R ####,,,,,
beadsAndKits.html,beadsandkits_ribbon_bows,Ribbon Bows,,,,,
beadsAndKits.html,beadsandkits_shirt_button_box,Shirt Button Box,,,,,
beadsAndKits.html,beadsandkits_wood_craft_large,Wood Craft Large,,,,,
beadsAndKits.html,beadsandkits_wood_craft_small,Wood Craft Small,,,,,
biasBinding.html,bias_binding_13mm,13mm,,,,,
biasBinding.html,bias_binding_18mm,18mm,,,,,
biasBinding.html,bias_binding_25mm,25mm,,,,,
biasBinding.html,bias_binding_sizes),Bias Binding (Various Sizes),,,,,
biasBinding.html,biasbinding_black,Black,,,,,
biasBinding.html,biasbinding_bottle,Bottle,,,,,
biasBinding.html,biasbinding_cerise,Cerise,,,,,
biasBinding.html,biasbinding_cream,Cream,,,,,
biasBinding.html,biasbinding_dk_brown,Dk Brown,,,,,
biasBinding.html,biasbinding_emerald,Emerald,,,,,
biasBinding.html,biasbinding_gold,Gold,,,,,
biasBinding.html,biasbinding_grey,Grey,,,,,
biasBinding.html,biasbinding_maroon,Maroon,,,,,
biasBinding.html,biasbinding_navy,Navy,,,,,
biasBinding.html,biasbinding_old_gold,Old Gold,,,,,
biasBinding.html,biasbinding_orange,Orange,,,,,
biasBinding.html,biasbinding_powder,Powder,,,,,
biasBinding.html,biasbinding_purple,Purple,,,,,
biasBinding.html,biasbinding_red,Red,,,,,
biasBinding.html,biasbinding_rose,Rose,,,,,
biasBinding.html,biasbinding_royal,Royal,,,,,
biasBinding.html,biasbinding_turq,Turq,,,,,
biasBinding.html,biasbinding_white,White,,,,,
biasBinding.html,biasbinding_yellow,Yellow,,,,,
biasTapeMakers.html,biastapemakers_bias_tape_maker_kits,Bias Tape Maker Kits,,,,,
biasTapeMakers.html,biastapemakers_bias_tape_maker_sets,Bias Tape Maker Sets,,,,,
biasTapeMakers.html,biastapemakers_bias_tape_makers_single,Bias Tape Makers (Single),,,,,
biasTapeMakers.html,biastapemakers_individual_makers,Individual Makers,,,,,
biasTapeMakers.html,biastapemakers_maker_kits,Maker Kits,,,,,
biasTapeMakers.html,biastapemakers_maker_sets,Maker Sets,,,,,
biasTapeMakers.html,biastapemakers_r,R ####,,,,,
bobbins.html,bobbins_bobbin_accessories,Bobbin Accessories,,,,,
bobbins.html,bobbins_bobbin_buddies,Bobbin Buddies,,,,,
bobbins.html,bobbins_bobbin_case,Bobbin Case,,,,,
bobbins.html,bobbins_bobbin_clamp,Bobbin clamp,,,,,
bobbins.html,bobbins_bobbin_clamps,Bobbin clamps,,,,,
bobbins.html,bobbins_machine_bobbins,Machine Bobbins,,,,,
bobbins.html,bobbins_r,R ####,,,,,
bridal.html,bridal_bridal_gloves,Bridal Gloves,,,,,
bridal.html,bridal_bridal_hoops,Bridal Hoops,,,,,
bridal.html,bridal_bridal_umbrellas,Bridal Umbrellas,,,,,
bridal.html,bridal_gloves,Gloves,,,,,
bridal.html,bridal_hoops,Hoops,,,,,
bridal.html,bridal_r,R ####,,,,,
bridal.html,bridal_umbrellas,Umbrellas,,,,,
buckles&Broach.html,buckles_and_broach_broaches,Broaches,,,,,
buckles&Broach.html,buckles_and_broach_buckles,Buckles,,,,,
buckles&Broach.html,buckles_and_broach_r,R ####,,,,,
buttons.html,buttons_11_5mm,11.5mm,,,,,
buttons.html,buttons_11mm,11mm,,,,,
buttons.html,buttons_12_5mm,12.5mm,,,,,
buttons.html,buttons_15mm,15mm,,,,,
buttons.html,buttons_16_5mm,16.5mm,,,,,
buttons.html,buttons_19mm,19mm,,,,,
buttons.html,buttons_22mm,22mm,,,,,
buttons.html,buttons_25mm,25mm,,,,,
buttons.html,buttons_aluminium_backs,Aluminium Backs,,,,,
buttons.html,buttons_blazer_buttons,Blazer Buttons,,,,,
buttons.html,buttons_button_presses,Button Presses,,,,,
buttons.html,buttons_cover_button_moulds,Cover Button Moulds,,,,,
buttons.html,buttons_denim_jeans_buttons,Denim Jeans Buttons,,,,,
buttons.html,buttons_fish_eye_buttons,Fish Eye Buttons,,,,,
buttons.html,buttons_golf_shirt_buttons,Golf Shirt Buttons,,,,,
buttons.html,buttons_self_cover_buttons,Self Cover Buttons,,,,,
buttons.html,buttons_shirt_buttons,Shirt Buttons,,,,,
buttons.html,buttons_triangle_buttons,Triangle Buttons,,,,,
buttons.html,buttons_work_wear_buttons,Work Wear Buttons,,,,,
corset.html,corset_fancy_corset,Fancy Corset,,,,,
corset.html,corset_pearl_beaded_corset,Pearl Beaded Corset,,,,,
corset.html,corset_plain_corset,Plain Corset,,,,,
corset.html,corset_r,R ####,,,,,
crochetAndNetting.html,crochetandnetting_accessories,Accessories,,,,,
crochetAndNetting.html,crochetandnetting_crochet_hook_sets,Crochet Hook Sets,,,,,
crochetAndNetting.html,crochetandnetting_knitting_accessories,Knitting Accessories,,,,,
crochetAndNetting.html,crochetandnetting_knitting_looms,Knitting Looms,,,,,
crochetAndNetting.html,crochetandnetting_knitting_needles,Knitting Needles,,,,,
crochetAndNetting.html,crochetandnetting_r,R ####,,,,,
curtainAccessories.html,curtainaccessories_opt,${opt},,,,,
curtainAccessories.html,curtainaccessories_curtain_wire,Curtain Wire,,,,,
curtainAccessories.html,curtainaccessories_gliders,Gliders,,,,,
curtainAccessories.html,curtainaccessories_hooks,Hooks,,,,,
curtainAccessories.html,curtainaccessories_r,R ####,,,,,
curtainAccessories.html,curtainaccessories_valence_pins,Valence Pins,,,,,
demo_cart.html,demo_cart_colour_pattern,Colour / Pattern:,,,,,
demo_cart.html,demo_cart_size,Size:,,,,,
demo_cart.html,demo_cart_unit_price,Unit Price:,,,,,
drawcords.html,drawcords_1_0_metre,1.0 Metre,,,,,
drawcords.html,drawcords_1_3_metre,1.3 Metre,,,,,
drawcords.html,drawcords_1_6_metre,1.6 Metre,,,,,
drawcords.html,drawcords_5mm,5mm,,,,,
drawcords.html,drawcords_6mm,6mm,,,,,
drawcords.html,drawcords_standard_draw_cord,Standard Draw Cord,,,,,
drawcords.html,drawcords_tipped_draw_cords,Tipped Draw Cords,,,,,
dressmakersAndQuiltingPins.html,dressmakersandquiltingpins_100g_pack,100g Pack,,,,,
dressmakersAndQuiltingPins.html,dressmakersandquiltingpins_40mm_long_fine_pins,40mm Long Fine Pins,,,,,
dressmakersAndQuiltingPins.html,dressmakersandquiltingpins_assorted,Assorted,,,,,
dressmakersAndQuiltingPins.html,dressmakersandquiltingpins_b15_red_tub,B15 Red Tub,,,,,
dressmakersAndQuiltingPins.html,dressmakersandquiltingpins_b15_tub_carded,B15 Tub Carded,,,,,
dressmakersAndQuiltingPins.html,dressmakersandquiltingpins_b20_blue_tub,B20 Blue Tub,,,,,
dressmakersAndQuiltingPins.html,dressmakersandquiltingpins_b20_carded,B20 Carded,,,,,
dressmakersAndQuiltingPins.html,dressmakersandquiltingpins_blanket_pins,Blanket Pins,,,,,
dressmakersAndQuiltingPins.html,dressmakersandquiltingpins_blue,Blue,,,,,
dressmakersAndQuiltingPins.html,dressmakersandquiltingpins_brass_carded_22mm,Brass Carded 22mm,,,,,
dressmakersAndQuiltingPins.html,dressmakersandquiltingpins_bulk_dress_pins,Bulk Dress Pins,,,,,
dressmakersAndQuiltingPins.html,dressmakersandquiltingpins_crystal,Crystal,,,,,
dressmakersAndQuiltingPins.html,dressmakersandquiltingpins_diamond_head_38mm,Diamond Head 38mm,,,,,
dressmakersAndQuiltingPins.html,dressmakersandquiltingpins_diamond_head_55mm,Diamond Head 55mm,,,,,
dressmakersAndQuiltingPins.html,dressmakersandquiltingpins_diamond_head_64mm,Diamond Head 64mm,,,,,
dressmakersAndQuiltingPins.html,dressmakersandquiltingpins_draping_pins_50mm,Draping Pins 50mm,,,,,
dressmakersAndQuiltingPins.html,dressmakersandquiltingpins_dressmakers_pins,Dressmakers Pins,,,,,
dressmakersAndQuiltingPins.html,dressmakersandquiltingpins_g20_carded,G20 Carded,,,,,
dressmakersAndQuiltingPins.html,dressmakersandquiltingpins_g20_green_tub,G20 Green Tub,,,,,
dressmakersAndQuiltingPins.html,dressmakersandquiltingpins_glass_head_48mm,Glass Head 48mm,,,,,
dressmakersAndQuiltingPins.html,dressmakersandquiltingpins_head_pins,Head Pins,,,,,
dressmakersAndQuiltingPins.html,dressmakersandquiltingpins_safety_pins,Safety Pins,,,,,
dressmakersAndQuiltingPins.html,dressmakersandquiltingpins_stainless_steel_carded_26mm,Stainless Steel Carded 26mm,,,,,
elastics.html,elastics_button_hole_elastic,Button Hole Elastic,,,,,
elastics.html,elastics_cord_elastic,Cord Elastic,,,,,
elastics.html,elastics_draw_cord_elastics,Draw Cord Elastics,,,,,
elastics.html,elastics_elastic_braid,Elastic Braid,,,,,
elastics.html,elastics_elastic_rolls,Elastic Rolls,,,,,
elastics.html,elastics_hat_elastic,Hat Elastic,,,,,
elastics.html,elastics_hat_elastic_round,Hat Elastic (Round),,,,,
elastics.html,elastics_non_curl_elastic,Non Curl Elastic,,,,,
elastics.html,elastics_printed_elastic,Printed Elastic,,,,,
elastics.html,elastics_r,R ####,,,,,
elastics.html,elastics_shirring_elastic,Shirring Elastic,,,,,
elastics.html,elastics_shock_cord,Shock Cord,,,,,
eyeletsAndPliers.html,eyeletsandpliers_eyelets_5mm,Eyelets (5mm),,,,,
eyeletsAndPliers.html,eyeletsandpliers_eyelets_gold,Eyelets Gold,,,,,
eyeletsAndPliers.html,eyeletsandpliers_punch_and_plier,Punch & Plier,,,,,
eyeletsAndPliers.html,eyeletsandpliers_punch_and_plier_3pc,Punch & Plier 3PC,,,,,
eyeletsAndPliers.html,eyeletsandpliers_r,R ####,,,,,
fancyTrim.html,fancytrim_craft_glue,Craft Glue,,,,,
fancyTrim.html,fancytrim_fancy_trims,Fancy Trims,,,,,
fancyTrim.html,fancytrim_r,R ####,,,,,
feathers.html,feathers_craft_glue,Craft Glue,,,,,
feathers.html,feathers_feathers,Feathers,,,,,
feathers.html,feathers_r,R ####,,,,,
home.html,home_adhesives,Adhesives,,,,,
home.html,home_art_and_paint,Art & Paint,,,,,
home.html,home_beads_and_kits,Beads and Kits,,,,,
home.html,home_bias_binding,Bias Binding,,,,,
home.html,home_bias_tape_makers,Bias Tape Makers,,,,,
home.html,home_bobbins,Bobbins,,,,,
home.html,home_boning_bra_cups_shoulder_pads,"Boning, Bra, Cups, Shoulder Pads",,,,,
home.html,home_bridal,Bridal,,,,,
home.html,home_buckles_and_broach,Buckles & Broach,,,,,
home.html,home_buttons,Buttons,,,,,
home.html,home_corset,Corset,,,,,
home.html,home_crochet_and_knittting,Crochet and Knittting,,,,,
home.html,home_curtain_accessories,Curtain Accessories,,,,,
home.html,home_draw_cords,Draw Cords,,,,,
home.html,home_dressmakers_and_quilting_pins,Dressmakers and Quilting Pins,,,,,
home.html,home_elastics,Elastics,,,,,
home.html,home_eyelets_and_pliers,Eyelets and Pliers,,,,,
home.html,home_fancy_trim,Fancy Trim,,,,,
home.html,home_feathers,Feathers,,,,,
home.html,home_hook_and_loop,Hook and Loop,,,,,
home.html,home_horsehair,Horsehair,,,,,
home.html,home_hotfix,Hotfix,,,,,
home.html,home_interlining,Interlining,,,,,
home.html,home_lace,Lace,,,,,
home.html,home_machine_accessories,Machine Accessories,,,,,
home.html,home_machine_needles,Machine Needles,,,,,
home.html,home_machine_parts,Machine Parts,,,,,
home.html,home_magnetic_press_studs,Magnetic Press Studs,,,,,
home.html,home_needles,Needles,,,,,
home.html,home_pattern_paper,Pattern Paper,,,,,
home.html,home_pins,Pins,,,,,
home.html,home_plastic_fasteners,Plastic Fasteners,,,,,
home.html,home_reflective_tape,Reflective Tape,,,,,
home.html,home_ribbons,Ribbons,,,,,
home.html,home_rotary_cutters_and_mats,Rotary Cutters and Mats,,,,,
home.html,home_rulers,Rulers,,,,,
home.html,home_scissors,Scissors,,,,,
home.html,home_sewing_boxes,Sewing Boxes,,,,,
home.html,home_sewing_machine_accessories,Sewing Machine Accessories,,,,,
home.html,home_sewing_notions,Sewing Notions,,,,,
home.html,home_sewing_thread,Sewing Thread,,,,,
home.html,home_size_labels,Size Labels,,,,,
home.html,home_snap_fasteners,Snap Fasteners,,,,,
home.html,home_suit_and_dress_covers,Suit & Dress Covers,,,,,
home.html,home_tagging,Tagging,,,,,
home.html,home_tassels,Tassels,,,,,
home.html,home_toggles,Toggles,,,,,
home.html,home_trimmings_and_fringe,Trimmings & Fringe,,,,,
home.html,home_upholstery_range,Upholstery Range,,,,,
home.html,home_wool,Wool,,,,,
home.html,home_zips,Zips,,,,,
hookAndLoop.html,hookandloop_craft_glue,Craft Glue,,,,,
hookAndLoop.html,hookandloop_fabric_glue,Fabric Glue,,,,,
hookAndLoop.html,hookandloop_hook_and_loop_dots_black,Hook and Loop Dots Black,,,,,
hookAndLoop.html,hookandloop_hook_and_loop_dots_white,Hook and Loop Dots White,,,,,
hookAndLoop.html,hookandloop_r,R ####,,,,,
horsehair.html,horsehair_craft_glue,Craft Glue,,,,,
horsehair.html,horsehair_horsehair,Horsehair,,,,,
horsehair.html,horsehair_r,R ####,,,,,
hotfix.html,hotfix_craft_glue,Craft Glue,,,,,
hotfix.html,hotfix_fabric_glue,Fabric Glue,,,,,
hotfix.html,hotfix_hot_fix_applicators,Hot fix Applicators,,,,,
hotfix.html,hotfix_hot_fix_beads,Hot fix beads,,,,,
hotfix.html,hotfix_r,R ####,,,,,
interlining.html,interlining_collar_fusing,Collar Fusing,,,,,
interlining.html,interlining_dimension,Dimension,,,,,
interlining.html,interlining_micro_dot,Micro Dot,,,,,
interlining.html,interlining_non_woven,NON-WOVEN,,,,,
interlining.html,interlining_pp_embroidery,PP Embroidery,,,,,
interlining.html,interlining_pattern_paper,Pattern Paper,,,,,
interlining.html,interlining_red_line,Red Line,,,,,
interlining.html,interlining_stf_interlining,STF Interlining,,,,,
interlining.html,interlining_spider_interlining,Spider Interlining,,,,,
interlining.html,interlining_tracing_material,Tracing Material,,,,,
interlining.html,interlining_water_soluble,Water Soluble,,,,,
knittingAndCrochet.html,knittingandcrochet_crochet_hook_sets,Crochet Hook Sets,,,,,
knittingAndCrochet.html,knittingandcrochet_crochet_tools_and_storage,Crochet Tools & Storage,,,,,
knittingAndCrochet.html,knittingandcrochet_embroidery_and_stitch_kits,Embroidery & Stitch Kits,,,,,
knittingAndCrochet.html,knittingandcrochet_knitting_looms,Knitting Looms,,,,,
knittingAndCrochet.html,knittingandcrochet_knitting_loose_tools,Knitting Loose Tools,,,,,
knittingAndCrochet.html,knittingandcrochet_knitting_machines_sentinel,Knitting Machines (Sentinel),,,,,
knittingAndCrochet.html,knittingandcrochet_r,R ####,,,,,
lace.html,lace_craft_glue,Craft Glue,,,,,
lace.html,lace_fabric_glue,Fabric Glue,,,,,
lace.html,lace_r,R ####,,,,,
lace.html,lace_satin_lace,Satin Lace,,,,,
lace.html,lace_torchon_lace,Torchon Lace,,,,,
machineAccessories.html,machineaccessories_belts,Belts,,,,,
machineAccessories.html,machineaccessories_bobbins,Bobbins,,,,,
machineAccessories.html,machineaccessories_globes,Globes,,,,,
machineAccessories.html,machineaccessories_motors,Motors,,,,,
machineAccessories.html,machineaccessories_oil,Oil,,,,,
machineAccessories.html,machineaccessories_r,R ####,,,,,
machineNeedles.html,machineneedles_craft_glue,Craft Glue,,,,,
machineNeedles.html,machineneedles_fabric_glue,Fabric Glue,,,,,
machineNeedles.html,machineneedles_industrial_machine_needles,Industrial Machine Needles,,,,,
machineNeedles.html,machineneedles_machine_needles,Machine Needles,,,,,
machineNeedles.html,machineneedles_r,R ####,,,,,
machineNeedles.html,machineneedles_tissues,Tissues,,,,,
machineParts.html,machineparts_allen_keys,Allen Keys,,,,,
machineParts.html,machineparts_cleaning_brushes,Cleaning Brushes,,,,,
machineParts.html,machineparts_hemmer_foots,Hemmer Foots,,,,,
machineParts.html,machineparts_piping_foots,Piping Foots,,,,,
machineParts.html,machineparts_plates,Plates,,,,,
machineParts.html,machineparts_presser_foots,Presser Foots,,,,,
machineParts.html,machineparts_r,R ####,,,,,
machineParts.html,machineparts_shirring_foots,Shirring Foots,,,,,
machineParts.html,machineparts_top_stitch,Top Stitch,,,,,
machineParts.html,machineparts_top_stitch_foots,Top Stitch Foots,,,,,
machineParts.html,machineparts_zip_foots,Zip Foots,,,,,
magneticPressStuds.html,magneticpressstuds_craft_glue,Craft Glue,,,,,
magneticPressStuds.html,magneticpressstuds_fabric_glue,Fabric Glue,,,,,
magneticPressStuds.html,magneticpressstuds_r,R ####,,,,,
magneticPressStuds.html,magneticpressstuds_sub_category,Sub Category,,,,,
needles.html,needles_craft_glue,Craft Glue,,,,,
needles.html,needles_fabric_glue,Fabric Glue,,,,,
needles.html,needles_r,R ####,,,,,
needles.html,needles_sub_category,Sub Category,,,,,
nylon-lace.html,nylon_lace_r10,R10,,,,,
patternPaper.html,patternpaper_craft_glue,Craft Glue,,,,,
patternPaper.html,patternpaper_fabric_glue,Fabric Glue,,,,,
patternPaper.html,patternpaper_r,R ####,,,,,
patternPaper.html,patternpaper_sub_category,Sub Category,,,,,
pins.html,pins_c,${c},,,,,
pins.html,pins_o,${o},,,,,
pins.html,pins_p_id,${p.id},,,,,
pins.html,pins_p_name,${p.name},,,,,
pins.html,pins_berry_pins,Berry Pins,,,,,
pins.html,pins_dressmakers_pins,Dressmakers Pins,,,,,
pins.html,pins_head_pins,Head Pins,,,,,
pins.html,pins_quilting_pins,Quilting Pins,,,,,
pins.html,pins_r,R ####,,,,,
pins.html,pins_safety_and_blanket_pins,Safety & Blanket Pins,,,,,
plasticFastners.html,plasticfastners_craft_glue,Craft Glue,,,,,
plasticFastners.html,plasticfastners_fabric_glue,Fabric Glue,,,,,
plasticFastners.html,plasticfastners_r,R ####,,,,,
plasticFastners.html,plasticfastners_sub_category,Sub Category,,,,,
reflectiveTape.html,reflectivetape_craft_glue,Craft Glue,,,,,
reflectiveTape.html,reflectivetape_fabric_glue,Fabric Glue,,,,,
reflectiveTape.html,reflectivetape_r,R ####,,,,,
reflectiveTape.html,reflectivetape_sub_category,Sub Category,,,,,
ribbons.html,ribbons_craft_glue,Craft Glue,,,,,
ribbons.html,ribbons_fabric_glue,Fabric Glue,,,,,
ribbons.html,ribbons_r,R ####,,,,,
ribbons.html,ribbons_sub_category,Sub Category,,,,,
rotaryCuttersAndMats.html,rotarycuttersandmats_craft_glue,Craft Glue,,,,,
rotaryCuttersAndMats.html,rotarycuttersandmats_fabric_glue,Fabric Glue,,,,,
rotaryCuttersAndMats.html,rotarycuttersandmats_r,R ####,,,,,
rotaryCuttersAndMats.html,rotarycuttersandmats_sub_category,Sub Category,,,,,
rulers.html,rulers_craft_glue,Craft Glue,,,,,
rulers.html,rulers_fabric_glue,Fabric Glue,,,,,
rulers.html,rulers_r,R ####,,,,,
rulers.html,rulers_sub_category,Sub Category,,,,,
satin-ribbons.html,satin_ribbons_black,Black,,,,,
satin-ribbons.html,satin_ribbons_bottle,Bottle,,,,,
satin-ribbons.html,satin_ribbons_bronze,Bronze,,,,,
satin-ribbons.html,satin_ribbons_cerise,Cerise,,,,,
satin-ribbons.html,satin_ribbons_copper,Copper,,,,,
satin-ribbons.html,satin_ribbons_cream,Cream,,,,,
satin-ribbons.html,satin_ribbons_dk_brown,Dk Brown,,,,,
satin-ribbons.html,satin_ribbons_dk_grey,Dk Grey,,,,,
satin-ribbons.html,satin_ribbons_dusty,Dusty,,,,,
satin-ribbons.html,satin_ribbons_emerald,Emerald,,,,,
satin-ribbons.html,satin_ribbons_gold,Gold,,,,,
satin-ribbons.html,satin_ribbons_gold_doi,Gold Doi,,,,,
satin-ribbons.html,satin_ribbons_lilac,Lilac,,,,,
satin-ribbons.html,satin_ribbons_lime,Lime,,,,,
satin-ribbons.html,satin_ribbons_lt_brown,Lt Brown,,,,,
satin-ribbons.html,satin_ribbons_lt_grey,Lt Grey,,,,,
satin-ribbons.html,satin_ribbons_maroon,Maroon,,,,,
satin-ribbons.html,satin_ribbons_metallic_gold,Metallic Gold,,,,,
satin-ribbons.html,satin_ribbons_metallic_silver,Metallic Silver,,,,,
satin-ribbons.html,satin_ribbons_mint,Mint,,,,,
satin-ribbons.html,satin_ribbons_navy,Navy,,,,,
satin-ribbons.html,satin_ribbons_old_gold,Old Gold,,,,,
satin-ribbons.html,satin_ribbons_olive,Olive,,,,,
satin-ribbons.html,satin_ribbons_peach,Peach,,,,,
satin-ribbons.html,satin_ribbons_pink,Pink,,,,,
satin-ribbons.html,satin_ribbons_powder,Powder,,,,,
satin-ribbons.html,satin_ribbons_purple,Purple,,,,,
satin-ribbons.html,satin_ribbons_red,Red,,,,,
satin-ribbons.html,satin_ribbons_royal,Royal,,,,,
satin-ribbons.html,satin_ribbons_turo,Turo,,,,,
satin-ribbons.html,satin_ribbons_white,White,,,,,
satin-ribbons.html,satin_ribbons_yellow,Yellow,,,,,
satin-ribbons.html,satin_ribbons,—,,,,,
scissors.html,scissors_craft_glue,Craft Glue,,,,,
scissors.html,scissors_fabric_glue,Fabric Glue,,,,,
scissors.html,scissors_r,R ####,,,,,
scissors.html,scissors_sub_category,Sub Category,,,,,
sewingBoxes.html,sewingboxes_craft_glue,Craft Glue,,,,,
sewingBoxes.html,sewingboxes_fabric_glue,Fabric Glue,,,,,
sewingBoxes.html,sewingboxes_r,R ####,,,,,
sewingBoxes.html,sewingboxes_sub_category,Sub Category,,,,,
sewingMachineAccessories.html,sewingmachineaccessories_craft_glue,Craft Glue,,,,,
sewingMachineAccessories.html,sewingmachineaccessories_fabric_glue,Fabric Glue,,,,,
sewingMachineAccessories.html,sewingmachineaccessories_r,R ####,,,,,
sewingMachineAccessories.html,sewingmachineaccessories_sub_category,Sub Category,,,,,
sewingNotions.html,sewingnotions_craft_glue,Craft Glue,,,,,
sewingNotions.html,sewingnotions_fabric_glue,Fabric Glue,,,,,
sewingNotions.html,sewingnotions_r,R ####,,,,,
sewingNotions.html,sewingnotions_sub_category,Sub Category,,,,,
sewingThread.html,sewingthread_craft_glue,Craft Glue,,,,,
sewingThread.html,sewingthread_fabric_glue,Fabric Glue,,,,,
sewingThread.html,sewingthread_r,R ####,,,,,
sewingThread.html,sewingthread_sub_category,Sub Category,,,,,
sizeLabels.html,sizelabels_craft_glue,Craft Glue,,,,,
sizeLabels.html,sizelabels_fabric_glue,Fabric Glue,,,,,
sizeLabels.html,sizelabels_r,R ####,,,,,
sizeLabels.html,sizelabels_sub_category,Sub Category,,,,,
snapFasteners.html,snapfasteners_craft_glue,Craft Glue,,,,,
snapFasteners.html,snapfasteners_fabric_glue,Fabric Glue,,,,,
snapFasteners.html,snapfasteners_r,R ####,,,,,
snapFasteners.html,snapfasteners_sub_category,Sub Category,,,,,
suit&dresscovers.html,suit_and_dresscovers_craft_glue,Craft Glue,,,,,
suit&dresscovers.html,suit_and_dresscovers_fabric_glue,Fabric Glue,,,,,
suit&dresscovers.html,suit_and_dresscovers_r,R ####,,,,,
suit&dresscovers.html,suit_and_dresscovers_sub_category,Sub Category,,,,,
tagging.html,tagging_craft_glue,Craft Glue,,,,,
tagging.html,tagging_fabric_glue,Fabric Glue,,,,,
tagging.html,tagging_r,R ####,,,,,
tagging.html,tagging_sub_category,Sub Category,,,,,
tassels.html,tassels_craft_glue,Craft Glue,,,,,
tassels.html,tassels_fabric_glue,Fabric Glue,,,,,
tassels.html,tassels_r,R ####,,,,,
tassels.html,tassels_sub_category,Sub Category,,,,,
toggles.html,toggles_craft_glue,Craft Glue,,,,,
toggles.html,toggles_fabric_glue,Fabric Glue,,,,,
toggles.html,toggles_r,R ####,,,,,
toggles.html,toggles_sub_category,Sub Category,,,,,
trimmings.html,trimmings_craft_glue,Craft Glue,,,,,
trimmings.html,trimmings_fabric_glue,Fabric Glue,,,,,
trimmings.html,trimmings_r,R ####,,,,,
trimmings.html,trimmings_sub_category,Sub Category,,,,,
upholsteryRange.html,upholsteryrange_craft_glue,Craft Glue,,,,,
upholsteryRange.html,upholsteryrange_fabric_glue,Fabric Glue,,,,,
upholsteryRange.html,upholsteryrange_r,R ####,,,,,
upholsteryRange.html,upholsteryrange_sub_category,Sub Category,,,,,
wool.html,wool_craft_glue,Craft Glue,,,,,
wool.html,wool_fabric_glue,Fabric Glue,,,,,
wool.html,wool_r,R ####,,,,,
wool.html,wool_sub_category,Sub Category,,,,,
zips.html,zips_denim,denim,,,,,
zips.html,zips_invisible,invisible,,,,,
zips.html,zips_no3closed,no3closed,,,,,
zips.html,zips_no5open,no5open,,,,,
zips.html,zips_trouser,trouser,,,,,
zips.html,zips_upholstery,upholstery,,,,,
